id,title,realse_date,vote_count,vote_average,overview,poster_path
1,10일 안에 남자 친구에게 차이는 법,2003.05.08,594,8.0,"'Composure' 잡지의 칼럼니스트인 앤디 앤더슨 (케이트 허드슨 분)은 기사를 위해 특별한 임무를 해내야 한다. 여러가지 데이트 중의 실수로 남자에게 버림받는 여자들에 대한 모든 것들을 직접 경험하여 열흘 안에 기사로 만들어야 하는 것이다. 그녀의 임무는 다름아닌 '10일 안에 남자친구에게 차이는 법'에 대한 칼럼을 쓰는 것이다.
 그녀가 할 일은 멋진 남자를 찾아, 그녀와 사랑에 빠지게 한 후, 갖은 방법으로 데이트를 망쳐 남자에게 차여야만 하는 것 이다. 앤디의 타겟으로는 불행하게도 잘나가는 광고 회사의 직원인 벤자민 벤 베리(매튜 맥커너히)가 선택된다. 그러나 그는 마침 다이아몬드 회사의 광고 피치를 따내기 위하여 광고주가 지목 하는 한 여성을 10일 안에 자신을 사랑 하도록 만들어야만 하는 상황이었다. 그리고 그 지목 받은 여성은 다름 아닌 칼럼니스트 앤디 앤더슨이다. 이제 이 둘은 각자가 맡은바 임무를 해내려는 그들의 첫 만남에서부터 엉뚱한 데이트가 이어지기 시작한다.
  10일 안에 만난 남자에게 버림 받아야 하는 앤디는 모든 남자들이 싫어하는 여자의 모습들을 벤자민에게 보여주며 차이기를 바라고, 벤자민은 반대로 앤디가 자신을 사랑 하도록 만들게 하기 위하여 그녀의 모든 행동을 참고 견디며 열흘을 버틴다.
  그러나 인생은 뜻대로 되지 않는 법, 벤자민의 가족들을 만나 즐거운 시간을 보낸 앤디는 그에게 진실한 사랑의 감정을 조금씩 느끼게 되고 벤자민 또한 광고를 따내기 위한 내기이기 보다 진심으로 그녀와의 데이트를 즐기며 그녀를 조금씩 사랑 하게 된다. 그러나 이 둘은 서로에 대한 진심을 알기도 전에 그들의 서로 다른 속내를 알아버리게 되고...",https://movie-phinf.pstatic.net/20111222_277/1324507767267mrBB6_JPEG/movie_image.jpg
2,28일 후,2003.09.19,2257,7.9,"영국의 한 영장류 연구시설에 무단 잠입한 동물 권리 운동가들은 여러 대의 스크린을 통한 폭력 장면에 노출되어 있는 침팬지들이 쇠사슬에 묶여 있거나 우리에 갇혀 있는 것을 발견한다. 침팬지들이 '분노 바이러스'에 감염되었다는 한 연구원의 공포어린 경고를 무시한 채, 동물 권리 운동가들은 그들을 풀어주게 되고, 그 즉시 감염된 동물들로부터 피의 공격이 시작된다.
  '분노 바이러스'가 유출된 28일 후, 교통사고를 당해 의식을 잃었던 '짐'(실리언 머피 분)이 런던의 한 병원에서 깨어난다. 텅 빈 병원에서 어리둥절하며 밖으로 나온 짐은 런던 시내 어느 곳에서도 사람 그림자 하나 보이지 않자 경악한다. 날이 어두워질 때까지 사람들을 찾아 거리를 헤매던 짐은 성당에 들어갔다가 겹겹이 쌓여있는 시체 더미를 발견한다. 짐이 다가오는 신부에게 말을 걸려는 순간, 두 눈이 핏빛으로 물든 신부와 감염자 무리들이 그를 뒤쫓는다. 필사적으로 달아나던 짐은 또 다른 생존자 '셀레나'(나오미 해리스 분)와 '마크'(노아 헌틀러 분)의 도움으로 간신히 위기를 모면한다. 그들로부터 영국을 완전 황폐화 시킨 후 전 세계로 퍼졌을 바이러스의 재앙을 알게 된 짐은, 혹시라도 무사할지 모를 가족을 찾아 갔다가 오히려 감염자의 공격을 받고 마크를 잃는다.
  또 다시 은신처를 찾아 방황하던 짐과 셀레나는 어느 빌딩에서 '프랭크'(브랜든 글리슨 분)와 '해나'(미간 번스 분) 부녀를 만나고, 그곳에서 생존자들을 안전하게 지켜주겠다는 무장 군인의 방송을 듣는다. 이에 마지막 희망을 건 네 사람은 '헨리' 소령(크리스토퍼 에클리스톤 분)을 찾아 맨체스터로 향한다. 하지만 감염자들의 공격보다 훨씬 더 끔찍한 사태가 그들을 덮쳐오기 시작하는데...",https://movie-phinf.pstatic.net/20111222_249/1324526688419CdrUo_JPEG/movie_image.jpg
3,8 마일,2017.05.09,2228,8.8,"디트로이트 8 마일 313구역
 힙합 클럽의 랩배틀, 단 45초!
 그 안에 상대를 쓰러트려야 최고가 된다.
 
 그의 희망은 분노에서 시작된다.",https://movie-phinf.pstatic.net/20170407_58/1491550805916wTKgG_JPEG/movie_image.jpg
4,...ing,2003.11.28,1600,8.8,"평범한 고등학생 민아. 자신이 보기에도 유난히 철이 없어 보이는 엄마와 단 둘이 살고 있는 민아는 그러나, 내성적인 성격탓에 변변한 친구하나 없는 학교생활이 재미 없기만 하다. 그런 학교 생활에서 유일한 재미거리는 학교 앞에서 교통정리를 하는 약간 정신이 이상한 기수. 전설처럼 들려오는, 자기 학교 선배와 기수간에 있었던 아릿한 로맨스 스토리를 듣고서 민아는 자신에게도 그런 운명적인 사랑이 다가올 것이라는 근거없는 기대속에 살고 있다.
  보통 때와 같은 평범한 어느날, 엄마와 살고 있는 빌라 아래층에 건들거리는 대학생 영재가 이사를 들어오게 되고, 이웃사촌이라는 핑계로 자신에게 건들대는 영재가 영 마뜩찮고 귀찮기만 하다. 첫 만남부터가 꼬였던 영재와 민아. 아무것도 모르는 엄마는 민아에게 드디어 남자친구가 생겼다며 일찌감치 앞서 나가고, 그런 엄마와 같이 장단을 맞추는 영재. 사사건건 토닥토닥 시비를 걸어오는 영재에게 어느덧 민아가 말리기 시작하는데.",https://movie-phinf.pstatic.net/20111222_70/1324521558483aEPka_JPEG/movie_image.jpg
5,갈갈이 패밀리와 드라큐라,2003.08.01,254,6.1,"평온하고 한적했던 어느 마을에 어느 날인가부터 흉흉하고 서늘한 기운이 감돌기 시작하는데, 마을의 몇몇 처녀들이 사라지고, 처녀를 구하려던 총각들은 억울한 죽임을 당했기 때문. 이 마을의 대감은 어쩌면 자신의 외동딸이 ‘드라큐라’라는 괴물로부터 납치되지 않을까 걱정하게 되고, 이 참에 ‘드라큐라’를 물리치고자, 온 마을에서 최고로 싸움잘하는 무림고수들을 뽑기로 결심하는데.
  한편, 늙은 사부님 밑에서 열심히 무예를 연마하던 갈갈이 삼형제는 사부님의 명을 받고 마을의 ‘드라큐라’를 물리치고자 하산을 하게 된다. 사부는 그들에게 염력을 가진 세가지 색의 보자기를 주며, 위기에 처했을 때 보자기를 풀어보라고 당부한다.
  대감의 외동딸 ‘다래’를 탐하던 ‘드라큐라’가 보름달이 뜨는 날에 ‘다래’와 혼인을 할 위험한 음모를 꾸미자, 대감이 뽑은 무림고수들과 갈갈이 삼형제는 드라큐라 일당들과 정면 대결을 펼지게 되는데.....",https://movie-phinf.pstatic.net/20111221_83/1324473710706yglPn_JPEG/movie_image.jpg
6,갱스 오브 뉴욕,2003.02.28,675,8.0,"1840년대 초반, 뉴욕 최고의 슬럼가이자 위험한 거리 '파이브 포인츠'. 월 스트리트 비즈니스 지구와 뉴욕 항구, 브로드웨이의 접경지대에 위치한 이 곳은 도시의 복잡한 성격만큼이나 다양한 인종, 여러 갱단들이 생활하는 곳이다. 사기, 도박, 살인, 매춘 등 범죄가 들끓는 거리, 그러나 이 곳은 아메리칸 드림을 꿈꾸는 아일랜드 이주민들이 매일 수 천명씩 모여드는 꿈의 도시이기도 하다. 파이브 포인츠에 사는 원주민들은 아일랜드 이주민들이 자신들의 부와 권력을 빼앗아갈 '침입자'라 여기며 이들을 멸시하고 내쫓으려 한다. 계속되는 갈등으로 두 집단은 결국 피할 수 없는 전쟁을 치르게 된다.
  아일랜드 이주민의 존경을 받던 '데드 레빗파'의 우두머리 프리스트 발론(리암 니슨)은 이 전쟁에서 '원주민파' 빌 더 부처(다니엘 데이 루이스)라는 인물에 의해 무참히 살해된다. 이로서 파이브 포인츠 거리에서 '데드 레빗파'의 존재는 영원히 사라지게 되고 이 모든 광경을 바로 눈앞에서 지켜본 프리스트의 어린 아들 암스테르담 발론은 아버지의 복수를 다짐한다.
  16년 후, 청년이 되어 돌아온 암스테르담(레오나르도 디카프리오)은 복수를 위해 자신의 신분을 감추고 빌 더 부처의 권력 내부로 들어간다. 무자비한 폭력과 협박으로 파이브 포인츠 최고의 권력자로 성장한 빌 더 부처는 명석한 두뇌와 용기를 가진 암스테르담을 자신의 오른팔로 신임한다. 한편 암스테르담의 계획이 예정대로 진행되고 있을 무렵, 그는 매력적인 여인 제니 에버딘(카메론 디아즈)을 만난다. 파이브 포인츠 최고의 미녀이자 최고의 소매치기로 유명한 제니. 아름답지만 위험한 제니와 암스테르담은 서로에게 이끌리게 되지만 그녀와 빌 더 부처의 관계가 드러나면서 암스테르담은 처절한 복수와 이루어질 수 없는 사랑의 소용돌이에 빠져들게 된다.",https://movie-phinf.pstatic.net/20111222_151/1324551035304IEa9E_JPEG/movie_image.jpg
7,거짓말의 빛깔,2003.12.13,7,7.5,"샤브롤이 자주 사용했던 소재인 긴장감이 흐르는 상황, 살인범으로 의심되는 모호한 인물, 그리고 제 3의 인물과의 위태로운 게임을 벌이는 커플 등으로 전형적인 샤브롤 영화를 만들어 내면서 시골 마을의 부르주아 사람들의 작은 세계 속에서 조용히 그리고 건조하게 진행된다.
  브르타뉴의 작은 어촌마을에서 10세 소녀인 엘로디의 교살된 시체가 발견된다. 최근에 승진한 젊은 여수사관인 프레데리크 르사쥬는 살아있는 엘로디를 마지막으로 봤던 미술 교사 르네를 첫 번째 수사 대상으로 삼는다. 얼마 후 잔인한 살인사건이 다시 발생하고, 마을은 두려움에 떨기 시작하면서, 르네에 대한 주민들의 의심은 더해만 가는데. '99 베를린 영화제 경쟁 부문, 99 부산국제영화제 초청작.
  브르타뉴의 작은 어촌 마을에서 10세 소녀 엘로디의 교살된 시체가 발견된다. 최근 승진한 젊은 여수사관 프레데리크 르사쥬는 살아 있는 엘로디를 마지막으로 본 미술선생 르네를 탐문하면서 수사를 시작한다. 르네와 그의 아내 비비안은 각자 개인적인 문제로 고민하고 있다. 육체적,예술적 열등감으로 심한 자기 회의에 빠져 있는 르네는 지방 언론의 찬사를 한 몸에 받는 성공한 작가 제르맹-롤랑 데스모와 아내 비비안과의 관계를 의심하며 고통스러워한다. 데스모는 자신의 창작물이라고 주장하며 남을 글을 잘 인용하는 상냥하고 매력적인 인기 만점의 남성이고 비비안은 그에게 매료되어 있다. 르네에 대한 소문은 더욱더 나빠지고 제자들을 모두 그를 떠나버린다. 젊은 수사관은 엘로디에 대한 수사를 계속하는데 지방법관 루뒨은 더욱 적극적으로 이 사건에 개입한다. 그러나 살인사건이 다시 발생하고 두번째의 참혹한 죽음은 마침내 마을 전체를 마비시킨다. 수사관의 탐문은 계속되고 확인되지 않은 소문만 무성하다.",https://movie-phinf.pstatic.net/20111222_266/1324487645131OlOhY_JPEG/movie_image.jpg
8,검은 물 밑에서,2003.02.21,295,5.8,"‘마츠바라 요시미’는 이혼 후 다섯 살 된 딸아이 ‘이쿠코’의 양육권을 얻기 위해 법정 소송 중이다. 비오는 어느 오후, 두 모녀는 새집을 구하기 위해 강가에 인접한 낡고 허름한 콘크리트 아파트를 찾아온다. 그런데 엘리베이터 바닥엔 물이 고여있고, 가만히 다가오는 누군가의 손길에 돌아보면, 아무도 없다.
  딸 이쿠코가 갑자기 사라지는가 하면, 옥상에서 발견한 딸의 어깨엔 주인 모를 빨간 가방이 걸려있다. 웬지 모를 불안감에 휩싸이지만, 딸과 함께 아파트 305호로 이사 오는 요시미. 그러나 버려도 버려도 빨간 가방은 딸에게로 다시 돌아오고, 천장의 검은 물 자국은 날이 갈수록 퍼지더니, 급기야 물방울이 되어 뚝뚝 떨어지기까지 한다. 관리인에게 항의도 해보지만 무관심한 반응 뿐.
  수돗물에선 머리카락이 섞여 나오고, 윗층에선 아이 뛰어다니는 소리가 들린다. 요시미는 405호를 찾아가지만, 문은 굳게 닫혀있다. 그 후로 자주, 빗속에 노란 우의를 입은 여자아이의 환영을 보는 그녀..
  그러던 어느 날, 이쿠코의 유치원을 찾은 요시미는 노란 우의에 빨간 가방을 맨 소녀의 그림을 발견한다. 그 소녀는 바로, 유아실종 전단에서 보았던 ‘가와이 미츠코’! 한편 시름시름 앓던 이쿠코가 405호에 쓰러진 채 발견된 날, 요시미는 그 집 문패에서 ‘가와이 미츠코’라는 이름을 발견한다! 며칠 후 두 모녀 앞에 빨간 가방은 다시 나타나고, 요시미는 갑자기 아파트 옥상으로 향한다. 홀로 남겨진 이쿠코 앞에, 검은 물 밑에서 솟구쳐 나온 죽음의 손길! 요시미는 쓰러진 이쿠코를 안고, 서늘한 기운을 느끼며 뒤를 돌아보는데...!",https://movie-phinf.pstatic.net/20111222_290/1324495758819qAe52_JPEG/movie_image.jpg
9,게르트루드,2003.11.15,7,6.5,"은퇴한 오페라 가수인 게르트루드는 남편인 변호사 카닝과 애정 없는 결혼 생활에 염증을 느끼던 어느 날 그에게 자신의 속마음을 털어놓는다. 이 일을 계기로 그녀의 조용하지만 뜨거운 열정이 서서히 드러나게 된다. 그녀는 시인, 젊은 피아니스트, 그리고 마지막으로 파리에 사는 작가와의 연애를 통해 열정과 초월을 추구한다. 한정된 공간에도 불구하고 놀랄만한 시각적인 완성도를 자랑하는 이 영화는 드레이어의 영화 스타일이 가장 순화된 지점을 보여준다고 할 수 있다.",https://movie-phinf.pstatic.net/20111221_185/1324456842282QPkMQ_JPEG/movie_image.jpg
10,고양이의 보은,2003.08.08,1591,8.6,"17살 평범한 여고생 '하루'. 매일 매일이 따분하기만 하고 즐거운 일이 하나도 없다. 그날은 늦잠 자서 학교도 지각하고, 친구들 앞에서 창피까지 당하고 정말 우울한 날이었다. 그런데 집에 가는 길에 우연히 트럭에 치일 뻔한 고양이를 구해주었는데 그 고양이가 몸을 툴툴 털고 일어나 고맙다고 인사를 하는게 아닌가. 그 순간부터 그녀의 일상은 이상한 일로 변화가 생겼다. '하루'가 구해준 고양이가 고양이 왕국의 '룬' 왕자라는 것이다. 그 날밤 '하루'의 집에 찾아온 고양이 떼는 자신들의 왕자를 구해준 보답으로 '하루'를 '룬'왕자와 결혼해달라는 요청과 함께 앞으로는 행복한 일들만 일어날 것이라는 이상한 말을 남긴 채 사라졌다. 다음 날부터 '하루'는 고양이들이 적극적인 감사인사에 휩싸여 정신없이 보내게 된다. 그러던 중 이상한 목소리에 이끌려 고양이 왕국으로 초대되었다. 늘 깜짝 놀랄 만한 일을 기대해왔던 '하루'에게 진짜 신기한 일이 생긴 것이다.
  고양이 떼에 끌려 들어간 고양이 왕국은 고민도 없고 바쁜 일도 없고 즐거운 일만 가득한 천국 같은 곳이었다. 맛있는 것 실컷 먹고 매일 열리는 파티에 싫은 것은 모두 잊어버릴 수 있는 새로운 세계에서 '하루'는 갑자기 고양이가 되어도 좋겠다는 생각에 빠진다. 고양이 왕국의 남작 '바룬'처럼 멋진 신사의 호의도 받고 뚱땡이 '무타'의 재롱도 볼 수 있어 좋았다. 그런데 고양이 왕국의 대왕이 '하루'를 며느리 감으로 생각하고 '룬' 왕자와 결혼시키겠다고 하자 고민에 빠진다. 고양이 세계에서 대한 호기심도 잠시. 평생 고양이로 사는 것은 끔찍한 일이 아닌가. 과연 '하루'는 인간의 세계로 다시 돌아갈 수 있을까?",https://movie-phinf.pstatic.net/20111221_126/1324474445760Hjg9c_JPEG/movie_image.jpg
11,국화꽃 향기,2003.02.28,1237,8.6,"인하는 중,고등학교 시절을 미국에서 보내고 한국에서 대학을 다니게 된다. 대학 신입생 인하는 어느 지하철역에서 불의 앞에 당당한 ‘희재’를 처음 보게 되고, 그녀에게서 국화꽃 향기를 맡고 사랑을 느낀다. 학교 동아리 ‘북클럽’ 회장으로 희재를 다시 만나게 된 인하. 인하는 그녀에게 사랑을 고백하지만, 희재는 한때의 열정으로 치부한다. 그러나 지워지지 않는 사랑은 인하를 힘들게 한다.
  몇년 후. 약혼자와 부모를 사고로 잃은 후 세상과 벽을 쌓은 채 살아가는 희재에게, 인하는 라디오 PD가 되어 오래 지켜온 자신의 사랑을 라디오 프로그램 사연을 통해 세상에 알린다. 뒤늦게 이룬 사랑에 행복한 나날을 보내는 두 사람. 그러던 어느날, 희재는 자신이 병에 걸렸다는 사실을 알게 되는데...",https://movie-phinf.pstatic.net/20111223_22/1324576509301YLaTH_JPEG/movie_image.jpg
12,그녀에게,2015.12.31,699,8.4,"사랑을 말해요 | 알리샤와 베니뇨
 남자간호사 베니뇨는 발레 학원에서 춤추고 있는 알리샤를 보고, 그녀의 아름다운 모습에 사랑에 빠진다. 갑작스러운 교통사고로 알리샤가 코마 상태에 빠지게 되자, 베니뇨는 헌신적인 사랑으로 그녀 곁을 지킨다.
 
 대화하고 싶어요 | 리디아와 마르코
 여행지 기자 마르코는 투우사 리디아를 인터뷰하기 위해 그녀를 찾아간다. 사랑의 상처를 지닌 마르코와 리디아는 서로에게 빠져들며 연인으로 발전하지만, 리디아가 투우 경기 도중 사고로 정신을 잃는다.
 
 그녀 없인 살 수 없어요 | 베니뇨와 마르코
 병원에서 만난 두 남자, 베니뇨와 마르코는 코마 상태에 빠진 그녀들을 보살피며 친구가 된다. 알리샤와 소통한다고 느끼며 끊임없이 말을 건네는 베니뇨와 달리, 마르코는 이제 리디아의 사랑을 느낄 수 없다는 사실에 절망한다. 결국 리디아를 떠난 마르코는 그녀의 사망 소식과 함께 베니뇨가 감옥에 수감된 소식을 전해 듣는데...
 
 12월 31일, 올해 마지막 멜로를 만나다!",https://movie-phinf.pstatic.net/20151211_51/1449813161705F8UfH_JPEG/movie_image.jpg
13,기묘한 이야기,2003.02.21,184,7.8,"어느 여름날... 사상 최대의 폭우로 인해 기차 역 대합실에 7명의 남녀가 발이 묶인다. 모두들 어쩔 줄 모르며 비가 그치기만을 기다리고 있는데...한 청년이 역 안의 어색한 분위기를 바꿔 보려 뜬금 없이 이야기를 시작한다.
 'segment 1 - 눈 속의 하룻밤(雪山)'. 아무도 없는 깊은 산 속에서 비행기가 추락했다. 생존자는 5명뿐... 이제 그들을 기다리고 있는 것은 혹한의 추위와 사방을 둘러싼 눈 덮인 산 뿐, 이들은 살기 위해 산장을 찾아 헤메인다. 그러나 일행 중 '마리'라는 여자는 추락시 입은 심각한 다리 부상으로 더 이상의 동행이 불가능하게 된다. ""나도 데려 가줘요! 제발, 무서워… 제발 날 버리지 마.."" 사람들은 '마리'가 얼지 않도록 눈 속에 파묻고 돌아서지만 '마리'는 필사적으로 친구인 '미사'와 일행에게 도움을 요청한다. 그러나 '미사' 또한 달리 방법이 없어 다시 구하러 오겠다고 얘기하며 돌아선다. '마리'를 묻어두고 가까스로 산장을 찾아 들어간 '미사' 일행은 '마리'를 구하러 가지만 부주의로 인한 사고로 인해 '마리'는 죽음을 맞이하게 된다. ""남아있는 우리라도 살기 위해 버텨야한다. 이제부턴 체력 전이다!"" 혹한의 추위에 남은 4명은 밀려오는 피로와 체력저하로 산장의 모퉁이마다 설치 된 4개의 침대에서 잠을 자기로 하고 남아있는 음식을 누군가 독점할까봐 교대로 깨어 불침번을 서기로 한다. 불침번은 5분마다 다음 사람을 깨우고, 깨운 사람은 방금 일어나 온기가 남아있는 자리에서 다시 잠들기로 규칙을 세우고 실행하던 어느 순간 '미사'의 섬뜩한 발언에 경악을 금치 못하게 된다. ""이 규칙이 계속되기 위해서는 5명이 필요해요..."" 그렇다면 산장엔 그들 외에 한사람이 더 있는 것일까….
 사고로 조난 당한 두 사람에게 벌어지는 오싹하고도 무서운 이야기를 들려주기 시작한 그 청년은 이야기의 끝을 매듭짓지 못해 당황하게 되는데 순간, 이를 지켜보던 선글라스를 쓴 기묘한 분위기의 한 신사가 말을 시작한다. ""그 이야기는 그것으로 끝이 아니다! 이제, 그것보다 섬뜩하고 무서운 얘기를 들려주겠다!"" 그 기묘한 신사의 끔찍한 이야기가 끝나고 역 안은 약간 공포스러운 분위기가 감돈다. 그런 중, 회사원으로 보이는 한 남자가 바삐 어딘가로 전화해 집에 갈 방안을 모색하고 이를 보고 있던 선글라스의 남자는 미소를 지으며 다음 이야기를 던진다.
 'segment 2 - 사무라이의 휴대폰(携帶忠臣藏)'. 어느 날, 이집트 피라미드에선 수 천년이 지난 핸드폰이 하나 발견되었다. 학자들과 연구자들은 그 핸드폰을 조사했지만, 답은 나오지 않았고 단지, 그 핸드폰을 클레오파트라가 사용했다는 소문만 무성하게 되었다. 한편, 일본 역사서의 영웅인 실존 인물 '오이시' 장군... 1702년 에도에서 일어난 충신장 사건에서 영주 '아사노'가 억울한 죽음을 당한다. 그의 부하들은 '아사노'의 직속 부하인 '오이시' 장군의 행보를 주목하며 복수를 종용하는데, 정작 겁 많고 소심한 '오이시'는 방탕한 생활만을 즐길 뿐 그런 일들엔 관심도 없다. 그러던 어느날, 집을 나서던 '오이시' 에게 기이한 소리가 들려온다. 주위를 두리번거리던 '오이시'장군은 요란한 소리가 울리는 자그마한 은색 상자를 발견하게 된다. 오늘은 8월 3일이지요, 곧 당신의 부하 '키로쿠'가 사고로 죽게 됩니다. 은색 상자 속에선 신기하게도 사람의 음성이 들려오고 그 음성은 자신이 300년 후 미래에서 역사를 확인하는 사람이라고 주장한다. '오이시'는 그 말을 믿지 않지만 전화 속의 목소리는 곧 일어날 일을 얘기해준다. 사실을 확인한 '오이시'는 비로소 그의 존재를 믿기 시작하는데... 전화기의 음성은 자꾸 자기가 앞으로 충신장 사건에 대한 복수를 할 것인지를 묻는 것이 아닌가? 전혀 그럴 맘이 없는 '오이시'는 이핑계 저핑계를 대며 하루하루를 보내지만.. 방탕한 생활을 하던 '오이시' 장군, 역사에 길이 남을 인물로 변화하다.!! 여색을 밝히고 방탕한 생활을 일삼아 아들한테까지 멸시받고 부하들의 애간장을 태우던 '오이시'는 미래와의 거듭된 대화를 통해 점차 심경의 변화를 겪게 되는데.
 너무나도 재미있는 두 번째 얘기가 끝나자 역에 남아있던 사람들은 서서히 선글라스를 쓴 남자 주변으로 모여들어 그를 주목하며 다음 얘기를 기다린다. 앞에서 이야기를 듣던 청년의 체스판 무뉘의 티셔츠를 본 선글라스의 남자가 다음의 이야기를 시작한다.
 'segment 3 - 체스(チェス)'. 컴퓨터와의 체스 시합 패배로 세계 챔피언 자리를 빼앗긴 아키라. 어느날 한 거부 노인에게 호출되어 그의 대전에 응한다. 그러나 노인이 펼쳐놓은 체스판은 현실의 세계. 말 역할을 맡은 사람들이 정말로 살해되는 기묘한 세계로 빠져드는데. 그중 자신의 퀸 자리에는 아내가 서 있는 것이 아닌가? 퀸(아내)을 구하고 게임을 질 것인가, 아니면 설욕을 할 것인가?
 비는 계속 내리고.. 자신 앞에 모인 사람들 중 한 쌍의 연인을 주시하던 썬글라스 남자는 마침내 다른 이야기를 시작한다. ""사랑하는 여인의 죽음 앞에서 시간을 되돌리려는 남자 이야기를 들어본 적 있을 것이다. 세상에는 그것보다 환상적이고 아름다운 로맨스가 많이 존재한다. 그 중 가장 애절하고 아름다운 로맨스를 지금부터 얘기하겠다."" 역 앞엔 비가 더욱더 쏟아지고 사람들은 모두 선글라스의 남자 앞에 모여 집에 갈 생각도 잊은 채 그의 말에 귀를 기울이는데..
 'segment 4 - 결혼가상체험(結婚シミュレ-タ-)'. 극장 지붕 아래서 소나기를 피하고 있던 두 남녀 '유이치'와 '치하루'는 서로의 운명에 이끌려 함께 영화를 보게 된다. 이후 급속도로 발전한 그들의 관계는 결혼을 약속하기에 이른다. ""특별 옵션입니다. 미리 결혼 생활을 체험해 보시겠어요?"" 웨딩 컨설턴트 회사를 찾아가 결혼식에 관해 상담하던 그들은 가상결혼체험이라는 항목을 발견하게 된다. DNA를 추출하여 출생과 성격을 분석하여 앞으로의 결혼 생활을 시뮬레이션 해주는 시스템이라는 설명을 듣고 강한 호기심을 느낀 이들은 해보기로 결심한다. ""사랑은 연애 할 때가 최고야. 결혼하면 남자는 다 변해버리지.."" ""인생을 낭비할 뻔했어.. 식 올리기 전에 알아서 다행이야"" 가상결혼체험을 통해 연애와 또 다른 현실의 극복할 수 없는 차이를 느낀 이들은 가상체험이 거듭될수록 자신들이 모르고 있던 심각성을 깨닫고 결국은 가슴 아픈 이별을 선택한다. 서로 깨끗이 정리하고 새 출발을 하던 이들에게 한 통의 전화가 걸려 오는데... 두 남녀에게 걸려온 전화는 또 한번 그들의 운명을 뒤흔들게 된다.",https://movie-phinf.pstatic.net/20111212_102/1323675820789I9CTC_JPEG/movie_image.jpg
14,깝스,2015.12.17,155,7.0,"스웨덴의 평화로운 마을 호그보트로스크. 너무 평화로운 이 작은 마을에는 10년째 콩알만한 사건도 발생하지 않는다. 범죄율 제로! 때문에 이 마을 경찰관인 베니, 야곱, 라세 부부는 심심한 마을 노인들과 포카 치기, 온 동네 부서진 문짝 고치기, 순찰차로 마을 드라이브 하기 등 본업과는 전~혀 상관없는 일을 하며 시간을 죽이고 있다.
  어느 날, 본부로부터 미모의 검사관이 내려와 마을에 10년 동안이나 범죄가 없었기 때문에 경찰서를 폐쇄한다고 통보한다. 비록 꽃밭을 망가뜨리며 방황하는 소를 쫓는 게 전부지만 그들은 그들의 일을 사랑한다. 경찰서를 지켜야 한다. 어떻게? 눈에는 눈, 이에는 이, 경찰서 폐쇄에는 범죄율 상승으로!!!
  경찰서를 지키기 위한 유일한 방법은 범죄를 저지르는 것! 경찰들은 '기상천외한 범죄 만들기'에 몰두한다. 한편 어리버리 왕따 경찰 베니는 이 일련의 사건들이 마을에 잠입한 악당 마피아들에 의한 극악무도한 범죄라고 믿는다. 엎어진 쓰레기통, 가게에 나타난 좀도둑, 이런, 이제 방화까지? 그는 예감한다. 드디어 자신의 초절정 스펙타클다이나믹 액션을 보여줄 시간이 다가온 것이다.",https://movie-phinf.pstatic.net/20151214_117/1450072772846vofru_JPEG/movie_image.jpg
15,나쁜 녀석들 2,2003.08.08,390,8.1,"숨막힐 듯한 열정의 도시 마이애미! 평화로운 해변과 따뜻한 햇살 속의 이 도시가 거대한 마약카르텔의 손아귀에 들어갈 위기에 처한다. 육해공을 총동원한 철저한 감시에도 불구하고 막대한 마약 유통자금이 계속해서 쿠바로 빠져나가자 당국은 초비상사태가 된다. 어느날 마약거래 현장을 적발, 마이애미 교각 전체를 쑥대밭으로 만든 대규모 추격전을 벌인 마약단속반 최고의 '나쁜 녀석들' 콤비 마이크(윌 스미스)와 마커스(마틴 로렌스)는 신출귀몰한 경로의 배후에 생각보다 거대한 음모가 도사리고 있음을 발견한다.
 마이크가 마커스가 애지중지하는 여동생 시드와 뜨거운 로맨스에 빠지면서 두 사람의 오랜 우정마저 흔들릴 무렵, DEA 요원으로 위장근무 중이던 시드가 조직의 보스 타피아에게 납치당하는 사태가 발생한다. 규정위반으로 쿠바로 도주한 타피아를 뒤쫓지도 못하고 꼼짝달싹할 수 없는 함정에 빠진 마이크와 마커스.... 이제 '나쁜 녀석들' 콤비의 뜨거운 반격이 시작된다!",https://movie-phinf.pstatic.net/20111222_150/13245378789482BA7N_JPEG/movie_image.jpg
16,나크,2015.10.22,105,7.5,"디트로이트 비밀마약수사대(Undercover Narcotics Officer), 나크(Narc)에서 활동하던 신참경찰이 총격 살해되는 사건이 발생한다. 경찰 내사팀은 마약관련 집단에서 비밀경찰로 활동하다 총기오발사고를 일으켜 정직 처분 중인 닉 텔리스(제이슨 패트릭 분)에게 사면을 조건으로 사건을 맡긴다. 닉 텔리스는 마약밀매단에 잠입해 범인을 쫓던 중 오발로 임산부를 총격, 태아를 사망케 했던 것. 안 그래도 나크 일을 반대하는 아내와 자책감에 빠져 있던 닉은 이 일만 해결하면 내근직을 주겠다는 상부의 꼬임에 넘어가 죽은 경찰의 파트너였고 시체를 처음 발견한 당사자인 헨리 오크(레이 리오타 분)와 한 팀을 이루게 된다.
  용의선상에 있는 마약 판매상을 중심으로 수사가 시작되고 두 형사는 마약범들의 소굴에서 경찰배지와 경찰에게 지급되는 총기들을 다량 발견하게 된다. 사건의 배후에 경찰이 개입되어 있다는 물증과 함께 파트너인 헨리마저 사건에 대해 뭔가를 숨기고 있다는 의혹을 품게 된 닉. 유력한 용의자에 대한 제보를 확보한 닉과 헨리는 겨우 영장을 확보해 이들을 급습하는데 성공하지만, 이들을 통해 드러난 충격적 진실은 닉과 헨리의 운명을 바꿔 놓는데.",https://movie-phinf.pstatic.net/20151012_85/1444640993754IQCuz_JPEG/movie_image.jpg
17,낭만자객,2003.12.05,847,4.3,"{때는 1636년 (인조 14년) 병자호란 직후. 청나라는 조선에 군대를 주둔시키며 '주청공사관'을 통해 내정간섭을 시작했고, 백성들은 정치적 경제적 혼란 속에서 억압과 고통의 날을 보내야만 했다. 이런 혼란한 시기에 천지도 모르고 날뛰는 놈들이 있었으니, 가는 곳마다 피바람을 일으키고, 인정보다 돈 몇 푼에 매달리는 파렴치한 녀석들... 허나 소문의 진상은 전혀 파악할 길이 없으니, 저잣거리는 이들을 가리켜 '낭만자객'이라 불렀다.}
  '풍기문란' - ""천하를 뒤흔들 황당한 놈들이 떴다!"". 조선 시대, 돈을 위해서라면 인정사정 가리지 않고 살생을 하는 엄청난 자객들이 있으니... 그러나, 소문과 달리 이들의 수장은 무공의 '무'자도 모르고 작업을 맡으면 사고만 치는 얼빵한 자객단이다. 어느날, 모처럼 큰 건으로 인질을 끌고 가던 이들은 길을 잃고 숲 속 흉가에서 하룻밤을 보내게 되는데.
  '사면초가' - ""순간의 실수가 골 때리는 상황을 부른다!"". 알고 보니 이 흉가는 한 맺힌 처녀귀신들이 사는 흉가였으니... 얼떨결에 흉가에 들어간 자객들은 귀신들의 한이 담긴 999방울의 눈물병을 술병으로 착각해 마셔버리는 엄청난 실수를 범한다. 이로 인해 천도를 못하게 된 귀신들은 자신들을 죽게 만든 사람들에게 복수를 하면 된다는 사실을 알게 되고 급기야 겁먹은 자객들을 협박하기 시작하는데...
  '명약관화' - ""이도저도 안 될 때는 일단 저지르고 본다!"". 자객들, 졸지에 천도를 위한 귀신들의 한풀이에 나서게 되었으니... 그러나 복수 대상을 알고 보니 막강한 권세를 가지고 있는 청나라 최고의 자객 사룡이다. 고민 끝에 일단 무작정 달려들지만 무술을 할 줄 모르는 이들의 결과는 불을 보듯 자명했고 어리버리한 이들의 행각에 답답한 귀신들은 급기야 영혼 권법을 전수하는데.",https://movie-phinf.pstatic.net/20111222_3/13245006245063owEj_JPEG/movie_image.jpg
